product_id,ingredient_id
SKU-90711,vortex-xanthan-isolate
SKU-90711,neuro-matrix-994
SKU-90711,cosmic-dragonfruit-gum
SKU-90711,asteroid-basil-lecithin
SKU-90711,nebula-mango-concentrate
SKU-90711,plasma-locust-bean-protein
SKU-90711,galactic-lavender-oil
SKU-90711,zenith-guava-extract
SKU-90711,galactic-lychee-lecithin
SKU-90711,lunar-beet-powder
SKU-90711,nebula-cinnamon-isolate
SKU-93811,Plasma Locust Bean Protein
SKU-93811,Aura Hibiscus Gum
SKU-93811,Hyper-Synthesizer 679
SKU-93811,Lunar Guar Concentrate
SKU-93811,Plasma Cane Powder
SKU-93811,Hyper-Synthesizer 501
SKU-93811,Cosmic Ginger Powder
SKU-97573,PULSAR_CANE_POWDER
SKU-97573,ASTEROID_STEVIA_PROTEIN
SKU-97573,SOLAR_CHOCOLATE_POWDER
SKU-97573,LUNAR_CHOCOLATE_OIL
SKU-97573,CYBER_FLUX_197
SKU-97573,LUNAR_LOCUST_BEAN_GUM
SKU-97573,LUNAR_BEET_POWDER
SKU-97573,OPAL_MAPLE_GUM
SKU-93257,Cyber Acai Powder
SKU-93257,Cyber-Flux 855
SKU-93257,Aura Hibiscus Protein
SKU-93257,Zenith Agave Extract
SKU-93257,Zenith Guava Extract
SKU-93257,Krypto-Stabilizer 407
SKU-93257,Nebula Stevia Protein
SKU-93257,Aura Stevia Lecithin
SKU-93257,Pulsar Vanilla Powder
SKU-93257,Volcanic Xanthan Syrup
SKU-98669,HYP-CHOC-EXT
SKU-98669,VOR-SOY-EXT
SKU-98669,HYP-SYN-914
SKU-98669,OPA-MAP-GUM
SKU-98669,CYB-GUA-POW
SKU-98669,COM-ALM-POW
SKU-98669,HYP-ACA-EXT
SKU-98669,AUR-HIB-GUM
SKU-98669,PUL-MAP-OIL
SKU-99674,solar-cane-protein
SKU-99674,glacial-cane-extract
SKU-99674,cyber-flux-479
SKU-99674,vortex-acacia-concentrate
SKU-99674,plasma-locust-bean-protein
SKU-99674,nebula-stevia-oil
SKU-99674,martian-basil-concentrate
SKU-99674,martian-ginger-gum
SKU-94422,Hyper Chicory Isolate
SKU-94422,Nebula Passionfruit Syrup
SKU-94422,Lunar Guar Concentrate
SKU-94422,Krypto-Stabilizer 532
SKU-94422,Glacial Cane Oil
SKU-94422,Cyber-Flux 829
SKU-94422,Cyber-Flux 479
SKU-94422,Pulsar Maple Oil
SKU-94422,Vortex Xanthan Isolate
SKU-94422,Nebula Sunflower Syrup
SKU-94422,Neuro-Matrix 806
SKU-92266,Solar Maple Isolate
SKU-92266,Asteroid Whey Protein
SKU-92266,Solar Monk Fruit Lecithin
SKU-92266,Cosmic Ginger Powder
SKU-92266,Aura Lychee Gum
SKU-92266,Martian Pomegranate Oil
SKU-92266,Vortex Acacia Concentrate
SKU-92266,Zenith Agave Extract
SKU-91827,HYPER_SYNTHESIZER_501
SKU-91827,HYPER_WHEY_ISOLATE
SKU-91827,STELLAR_LAVENDER_EXTRACT
SKU-91827,SOLAR_CHOCOLATE_POWDER
SKU-91827,PLASMA_PISTACHIO_POWDER
SKU-91827,ASTEROID_HIBISCUS_GUM
SKU-91827,AURA_BASIL_PROTEIN
SKU-91827,MARTIAN_CHOCOLATE_CONCENTRATE
SKU-90188,ING-VOLCANIC-XANTHAN-SYRUP
SKU-90188,ING-GLACIAL-SOY-GUM
SKU-90188,ING-STELLAR-PEANUT-CONCENTRATE
SKU-90188,ING-ZENITH-SUNFLOWER-POWDER
SKU-90188,ING-GLACIAL-GINGER-LECITHIN
SKU-90188,ING-AURA-STEVIA-LECITHIN
SKU-90188,ING-NEBULA-STEVIA-PROTEIN
SKU-90188,ING-STELLAR-LAVENDER-EXTRACT
SKU-90188,ING-LUNAR-GUAR-CONCENTRATE
SKU-95310,ING-PULSAR-ALMOND
SKU-95310,ING-OPAL-WHEY
SKU-95310,ING-VORTEX-SUNFLOWER
SKU-95310,ING-XENO-866
SKU-95310,ING-LUNAR-LEMON
SKU-95310,ING-MARTIAN-STEVIA-GUM
SKU-95310,ING-CYBER-479
SKU-95310,ING-NEBULA-STEVIA-PROTEIN
SKU-95310,ING-CYBER-855
SKU-99195,zenith_agave_extract
SKU-99195,lunar_beet_powder
SKU-99195,volcanic_guava_isolate
SKU-99195,hyper_agave_oil
SKU-99195,galactic_acacia_lecithin
SKU-99195,aura_basil_protein
SKU-99195,hyper_chocolate_concentrate
SKU-99195,quantum_maple_syrup
SKU-99195,vortex_maple_oil
SKU-93733,Xeno-Isolate-X 866
SKU-93733,Xeno-Isolate-X 627
SKU-93733,Asteroid Cinnamon Syrup
SKU-93733,Aura Hibiscus Gum
SKU-93733,Hyper-Synthesizer 782
SKU-93733,Cosmic Acacia Gum
SKU-93733,Plasma Cinnamon Concentrate
SKU-93733,Krypto-Stabilizer 532
SKU-93733,Glacial Caramel Concentrate
SKU-93733,Glacial Cane Extract
SKU-99654,nebula_mango_concentrate
SKU-99654,galactic_guar_syrup
SKU-99654,glacial_ginger_lecithin
SKU-99654,cyber_basil_lecithin
SKU-99654,neuro_matrix_806
SKU-99654,hyper_chocolate_extract
SKU-99654,cyber_flux_855
SKU-99654,cyber_lychee_oil
SKU-99654,plasma_acacia_gum
SKU-99654,solar_monk_fruit_lecithin
SKU-96201,Glacial Ginger Lecithin
SKU-96201,Cyber-Flux 197
SKU-96201,Cosmic Caramel Lecithin
SKU-96201,Aura Acai Gum
SKU-96201,Lunar Sunflower Concentrate
SKU-96201,Krypto-Stabilizer 627
SKU-96201,Cosmic Dragonfruit Gum
SKU-96201,Neuro-Matrix 806
SKU-96201,Martian Chocolate Concentrate
SKU-97668,CYB-197
SKU-97668,MAR-OAT-EXT
SKU-97668,GAL-ACA-LEC
SKU-97668,AUR-STE-LEC
SKU-97668,VOL-XAN-SYR
SKU-97668,VOL-SOY-ISO
SKU-97668,ZEN-SUN-EXT
SKU-97668,VOL-GUA-ISO
SKU-97668,AUR-LYC-GUM
SKU-97668,AST-STE-PRO
SKU-96873,HYPER-SYNTHESIZER-679
SKU-96873,QUANTUM-ACAI-LECITHIN
SKU-96873,GLACIAL-CARAMEL-CONCENTRATE
SKU-96873,CYBER-FLUX-197
SKU-96873,HYPER-AGAVE-OIL
SKU-96873,AURA-MAPLE-SYRUP
SKU-96873,LUNAR-GUAR-CONCENTRATE
SKU-96873,NEBULA-STEVIA-OIL
SKU-91832,Aura Fish Syrup
SKU-91832,Plasma Basil Oil
SKU-91832,Neuro-Matrix 578
SKU-91832,Zenith Agave Extract
SKU-91832,Pulsar Vanilla Powder
SKU-91832,Solar Cane Protein
SKU-91832,Cyber-Flux 581
SKU-99292,plasma_cinnamon_concentrate
SKU-99292,volcanic_peanut_protein
SKU-99292,aura_locust_bean_lecithin
SKU-99292,solar_locust_bean_powder
SKU-99292,cyber_lychee_oil
SKU-99292,vortex_pistachio_concentrate
SKU-99292,plasma_basil_oil
SKU-99292,zenith_chicory_concentrate
SKU-99292,bio_flux_691
SKU-99292,cyber_flux_200
SKU-91824,Midnight Base 204
SKU-91824,Pulsar Guar Oil
SKU-91824,Martian Ginger Gum
SKU-91824,Lunar Lemon Protein
SKU-91824,Neuro-Matrix 994
SKU-91824,Neuro-Matrix 914
SKU-91824,Aura Acai Gum
SKU-91824,Galactic Acacia Lecithin
SKU-91824,Cyber Acai Gum
SKU-91824,Vortex Sunflower Protein
SKU-91824,Cyber Guava Powder
SKU-94010,Cosmic Acacia Gum
SKU-94010,Asteroid Vanilla Gum
SKU-94010,Vortex Sunflower Protein
SKU-94010,Hyper Chicory Isolate
SKU-94010,Aura Acai Gum
SKU-94010,Solar Monk Fruit Lecithin
SKU-94010,Nebula Passionfruit Lecithin
SKU-94010,Opal Maple Gum
SKU-94010,Cosmic Xanthan Lecithin
SKU-92677,Galactic-Lychee-Lecithin
SKU-92677,Hyper-Vanilla-Oil
SKU-92677,Xeno-Isolate-X-866
SKU-92677,Krypto-Stabilizer-532
SKU-92677,Cyber-Lychee-Oil
SKU-92677,Nebula-Stevia-Protein
SKU-92677,Aura-Cinnamon-Extract
SKU-99560,Cosmic Xanthan Lecithin
SKU-99560,Galactic Lavender Oil
SKU-99560,Aura Basil Protein
SKU-99560,Hyper Chicory Isolate
SKU-99560,Aura Acai Gum
SKU-99560,Lunar Locust Bean Gum
SKU-99560,Vortex Acacia Lecithin
SKU-99560,Hyper Chocolate Extract
SKU-99560,Plasma Cane Powder
SKU-99863,martian-basil-concentrate
SKU-99863,cyber-flux-479
SKU-99863,stellar-lavender-extract
SKU-99863,solar-chicory-gum
SKU-99863,plasma-cane-powder
SKU-99863,pulsar-vanilla-powder
SKU-99863,volcanic-acacia-extract
SKU-99863,aura-hibiscus-protein
SKU-99863,pulsar-guar-oil
SKU-99863,volcanic-guava-isolate
SKU-94552,AURA-LYCHEE-GUM
SKU-94552,PULSAR-CANE-POWDER
SKU-94552,SOLAR-MONK-FRUIT-LECITHIN
SKU-94552,VORTEX-ACACIA-CONCENTRATE
SKU-94552,NEBULA-PASSIONFRUIT-SYRUP
SKU-94552,ASTEROID-BASIL-LECITHIN
SKU-94552,CYBER-ACAI-GUM
SKU-94552,SOLAR-CHICORY-GUM
SKU-94552,PLASMA-BASIL-OIL
SKU-94552,COSMIC-XANTHAN-LECITHIN
SKU-91403,Pulsar Sesame Lecithin
SKU-91403,Asteroid Basil Lecithin
SKU-91403,Xeno-Isolate-X 866
SKU-91403,Glacial Sunflower Lecithin
SKU-91403,Stellar Xanthan Syrup
SKU-91403,Hyper-Synthesizer 914
SKU-91403,Cyber-Flux 200
SKU-91403,Aura Caramel Extract
SKU-91403,Aura Acai Gum
SKU-91403,Krypto-Stabilizer 407
SKU-95881,Neuro-Matrix-703
SKU-95881,Vortex-Passionfruit-Syrup
SKU-95881,Opal-Caramel-Extract
SKU-95881,Solar-Maple-Isolate
SKU-95881,Nebula-Cinnamon-Isolate
SKU-95881,Aura-Cinnamon-Extract
SKU-95881,Lunar-Sunflower-Concentrate
SKU-95881,Stellar-Lemon-Isolate
SKU-95881,Pulsar-Basil-Isolate
SKU-95881,Plasma-Basil-Oil
SKU-90117,CAS-VORTEX-PISTACHIO
SKU-90117,CAS-ASTEROID-WHEY
SKU-90117,CAS-HYPER-ACACIA
SKU-90117,CAS-HYPER-CHOCOLATE
SKU-90117,CAS-LUNAR-GUAR
SKU-90117,CAS-QUANTUM-MAPLE
SKU-90117,CAS-COMET-ALMOND
SKU-90117,CAS-KRYPTO-STABILIZER-660
SKU-90117,CAS-PLASMA-LOCUST-BEAN
SKU-90117,CAS-CYBER-FLUX-581
SKU-90117,CAS-ASTEROID-CHOC-ISOLATE
SKU-98935,Cyber Acai Gum
SKU-98935,Martian Basil Concentrate
SKU-98935,Aura Maple Syrup
SKU-98935,Hyper-Synthesizer 782
SKU-98935,Vortex Acacia Concentrate
SKU-98935,Galactic Lemon Syrup
SKU-98935,Vortex Passionfruit Syrup
SKU-98935,Zenith Sunflower Powder
SKU-98935,Solar Maple Isolate
SKU-98935,Neuro-Matrix 578
SKU-98935,Cyber-Flux 479
SKU-92615,Krypto-Stabilizer 660
SKU-92615,Hyper-Synthesizer 782
SKU-92615,Galactic Lemon Syrup
SKU-92615,Lunar Beet Powder
SKU-92615,Cyber Guava Powder
SKU-92615,Glacial Cane Oil
SKU-92615,Cyber-Flux 197
SKU-92615,Solar Chocolate Powder
SKU-95574,Aura-Basil-Protein
SKU-95574,Cyber-Acai-Powder
SKU-95574,Hyper-Passionfruit-Lecithin
SKU-95574,Quantum-Pomegranate-Powder
SKU-95574,Cyber-Flux-479
SKU-95574,Comet-Acai-Syrup
SKU-95574,Nebula-Passionfruit-Lecithin
SKU-95574,Aura-Locust-Bean-Lecithin
SKU-95574,Cyber-Flux-855
SKU-95574,Pulsar-Vanilla-Powder
SKU-95155,asteroid-basil-concentrate
SKU-95155,neuro-matrix-578
SKU-95155,neuro-matrix-131
SKU-95155,lunar-beet-powder
SKU-95155,hyper-chicory-isolate
SKU-95155,vortex-xanthan-isolate
SKU-95155,aura-hibiscus-protein
SKU-95155,hyper-synthesizer-914
SKU-95155,volcanic-acacia-extract
SKU-93923,Comet Almond Powder
SKU-93923,Quantum Pomegranate Powder
SKU-93923,Aura Lavender Lecithin
SKU-93923,Solar Cane Protein
SKU-93923,Hyper Vanilla Oil
SKU-93923,Pulsar Vanilla Powder
SKU-93923,Stellar Lemon Isolate
SKU-99044,Bio-Flux-691
SKU-99044,Vortex-Hibiscus-Extract
SKU-99044,Galactic-Lavender-Oil
SKU-99044,Neuro-Matrix-806
SKU-99044,Glacial-Ginger-Lecithin
SKU-99044,Cyber-Acai-Gum
SKU-99044,Hyper-Chicory-Isolate
SKU-99044,Stellar-Cinnamon-Oil
SKU-99044,Krypto-Stabilizer-407
SKU-93814,LUNAR-LOCUST-BEAN-GUM
SKU-93814,GLACIAL-SUNFLOWER-LECITHIN
SKU-93814,PLASMA-CANE-POWDER
SKU-93814,CYBER-FLUX-479
SKU-93814,ASTEROID-STEVIA-PROTEIN
SKU-93814,CYBER-FLUX-829
SKU-93814,PLASMA-CINNAMON-CONCENTRATE
SKU-98317,pulsar-basil-isolate
SKU-98317,plasma-almond-extract
SKU-98317,martian-soy-powder
SKU-98317,martian-barley-powder
SKU-98317,hyper-whey-isolate
SKU-98317,cyber-basil-lecithin
SKU-98317,cosmic-cinnamon-oil
SKU-98317,opal-beet-concentrate
SKU-98317,opal-agave-isolate
SKU-98317,hyper-chocolate-extract
SKU-98317,hyper-synthesizer-914
SKU-96916,Vortex Hibiscus Extract
SKU-96916,Vortex Soy Isolate
SKU-96916,Stellar Lemon Isolate
SKU-96916,Plasma Cane Powder
SKU-96916,Plasma Locust Bean Protein
SKU-96916,Bio-Flux 691
SKU-96916,Aura Locust Bean Lecithin
SKU-96916,Asteroid Vanilla Gum
SKU-96916,Martian Stevia Gum
SKU-96916,Nebula Passionfruit Syrup
SKU-94808,CAS-OPAL-AGAVE
SKU-94808,CAS-STELLAR-SOY
SKU-94808,CAS-LUNAR-LBG
SKU-94808,CAS-GAL-LAVENDER
SKU-94808,CAS-MARTIAN-ALMOND
SKU-94808,CAS-ASTEROID-WHEY
SKU-94808,CAS-VORTEX-PASSION
SKU-97019,ING-HYPER-AGAVE-OIL
SKU-97019,ING-PULSAR-WHEAT-ISOLATE
SKU-97019,ING-GLACIAL-SUNFLOWER-LECITHIN
SKU-97019,ING-SOLAR-CANE-PROTEIN
SKU-97019,ING-AURA-HIBISCUS-GUM
SKU-97019,ING-GALACTIC-LAVENDER-OIL
SKU-97019,ING-PLASMA-CASHEW-CONCENTRATE
SKU-97019,ING-ASTEROID-CINNAMON-SYRUP
SKU-97019,ING-PLASMA-ISOLATE-X-590
SKU-97019,ING-PULSAR-AGAVE-EXTRACT
SKU-97019,ING-LUNAR-GUAR-CONCENTRATE
SKU-97177,lunar_sesame_oil
SKU-97177,nebula_almond_extract
SKU-97177,pulsar_maple_oil
SKU-97177,vortex_passionfruit_syrup
SKU-97177,asteroid_basil_lecithin
SKU-97177,hyper_passionfruit_lecithin
SKU-97177,pulsar_sunflower_isolate
SKU-97177,cyber_acai_gum
SKU-99771,Cosmic Caramel Lecithin
SKU-99771,Cyber Soy Protein
SKU-99771,Asteroid Whey Protein
SKU-99771,Asteroid Cinnamon Syrup
SKU-99771,Quantum Maple Syrup
SKU-99771,Neuro-Matrix 578
SKU-99771,Hyper Chocolate Extract
SKU-99771,Aura Hibiscus Protein
SKU-99295,ING-STELLAR-CASHEW-PROTEIN
SKU-99295,ING-STELLAR-PEANUT-CONCENTRATE
SKU-99295,ING-CYBER-BASIL-LECITHIN
SKU-99295,ING-HYPER-CHOCOLATE-EXTRACT
SKU-99295,ING-NEBULA-CINNAMON-ISOLATE
SKU-99295,ING-CYBER-ACAI-GUM
SKU-99295,ING-SOLAR-LOCUST-BEAN-POWDER
SKU-99295,ING-PULSAR-MAPLE-OIL
SKU-99295,ING-MARTIAN-BASIL-CONCENTRATE
SKU-91982,Midnight Base 204
SKU-91982,Plasma Basil Oil
SKU-91982,Lunar Chocolate Oil
SKU-91982,Martian Chocolate Concentrate
SKU-91982,Asteroid Whey Protein
SKU-91982,Aura Hibiscus Protein
SKU-91982,Cyber-Flux 479
SKU-91982,Pulsar Vanilla Powder
SKU-94371,Opal Caramel Extract
SKU-94371,Plasma Almond Extract
SKU-94371,Vortex Soy Extract
SKU-94371,Zenith Agave Extract
SKU-94371,Galactic Lychee Lecithin
SKU-94371,Cosmic Acacia Gum
SKU-94371,Aura Lavender Lecithin
SKU-94119,Opal Beet Concentrate
SKU-94119,Vortex Passionfruit Syrup
SKU-94119,Zenith Agave Extract
SKU-94119,Galactic Guar Syrup
SKU-94119,Aura Whey Extract
SKU-94119,Plasma Cinnamon Concentrate
SKU-94119,Cyber Chocolate Syrup
SKU-93608,martian_crustacean_extract
SKU-93608,midnight_base_204
SKU-93608,volcanic_barley_extract
SKU-93608,hyper_chocolate_extract
SKU-93608,asteroid_hibiscus_gum
SKU-93608,vortex_xanthan_isolate
SKU-93608,krypto_stabilizer_660
SKU-93608,lunar_sunflower_concentrate
SKU-93608,solar_chocolate_powder
SKU-98689,PLASMA-CASHEW-CONCENTRATE
SKU-98689,PULSAR-WHEAT-ISOLATE
SKU-98689,COSMIC-XANTHAN-LECITHIN
SKU-98689,PULSAR-VANILLA-POWDER
SKU-98689,ZENITH-CHICORY-CONCENTRATE
SKU-98689,ASTEROID-BASIL-CONCENTRATE
SKU-98689,STELLAR-XANTHAN-SYRUP
SKU-98085,galactic-acacia-lecithin
SKU-98085,hyper-cashew-powder
SKU-98085,quantum-vanilla-concentrate
SKU-98085,plasma-acacia-gum
SKU-98085,cosmic-ginger-powder
SKU-98085,plasma-cane-powder
SKU-98085,hyper-acacia-extract
SKU-98085,aura-caramel-extract
SKU-98085,opal-agave-isolate
SKU-98085,zenith-sunflower-powder
SKU-92286,Neuro-Matrix 131
SKU-92286,Cyber Basil Lecithin
SKU-92286,Lunar Beet Powder
SKU-92286,Asteroid Cinnamon Syrup
SKU-92286,Vortex Xanthan Isolate
SKU-92286,Asteroid Basil Concentrate
SKU-92286,Asteroid Hibiscus Gum
SKU-92286,Opal Agave Isolate
SKU-92286,Aura Stevia Lecithin
SKU-92286,Cyber-Flux 197
SKU-92286,Asteroid Stevia Protein
SKU-96118,asteroid-whey-protein
SKU-96118,hyper-whey-isolate
SKU-96118,aura-locust-bean-lecithin
SKU-96118,vortex-acacia-lecithin
SKU-96118,hyper-oat-gum
SKU-96118,lunar-chocolate-oil
SKU-96118,pulsar-maple-oil
SKU-94386,Krypto-Stabilizer 471
SKU-94386,Opal Whey Powder
SKU-94386,Vortex Xanthan Isolate
SKU-94386,Cyber-Flux 200
SKU-94386,Galactic Soy Isolate
SKU-94386,Martian Egg Isolate
SKU-94386,Plasma Locust Bean Protein
SKU-97433,stellar_cinnamon_oil
SKU-97433,galactic_soy_isolate
SKU-97433,hyper_whey_isolate
SKU-97433,aura_peanut_powder
SKU-97433,quantum_acai_lecithin
SKU-97433,aura_stevia_lecithin
SKU-97433,pulsar_basil_isolate
SKU-97433,asteroid_vanilla_gum
SKU-97433,glacial_caramel_concentrate
SKU-91424,galactic_lemon_syrup
SKU-91424,cyber_flux_829
SKU-91424,cyber_basil_lecithin
SKU-91424,hyper_vanilla_oil
SKU-91424,plasma_isolate_x_590
SKU-91424,hyper_chocolate_extract
SKU-91424,asteroid_basil_lecithin
SKU-91424,cosmic_caramel_lecithin
SKU-94342,ING-ZENITH-CASHEW-PROTEIN
SKU-94342,ING-MARTIAN-PEANUT-LECITHIN
SKU-94342,ING-LUNAR-BEET-POWDER
SKU-94342,ING-OPAL-CARAMEL-EXTRACT
SKU-94342,ING-AURA-STEVIA-LECITHIN
SKU-94342,ING-AURA-LYCHEE-GUM
SKU-94342,ING-PULSAR-BASIL-ISOLATE
SKU-94342,ING-CYBER-FLUX-197
SKU-94342,ING-VORTEX-SUNFLOWER-PROTEIN
SKU-94304,asteroid-cinnamon-syrup
SKU-94304,neuro-matrix-914
SKU-94304,plasma-monk-fruit-isolate
SKU-94304,zenith-chicory-concentrate
SKU-94304,pulsar-wheat-isolate
SKU-94304,quantum-pomegranate-powder
SKU-94304,cosmic-cinnamon-oil
SKU-91876,quantum_vanilla_concentrate
SKU-91876,quantum_soy_protein
SKU-91876,volcanic_peanut_protein
SKU-91876,neuro_matrix_806
SKU-91876,solar_monk_fruit_lecithin
SKU-91876,krypto_stabilizer_407
SKU-91876,galactic_guar_syrup
SKU-99763,nebula_stevia_protein
SKU-99763,vortex_soy_isolate
SKU-99763,vortex_sunflower_protein
SKU-99763,asteroid_vanilla_gum
SKU-99763,aura_lychee_gum
SKU-99763,stellar_xanthan_syrup
SKU-99763,quantum_acai_lecithin
SKU-99763,opal_caramel_extract
SKU-99763,aura_acai_gum
SKU-99763,plasma_locust_bean_protein
SKU-99638,Volcanic Soy Isolate
SKU-99638,Comet Acai Syrup
SKU-99638,Lunar Lemon Protein
SKU-99638,Asteroid Hibiscus Gum
SKU-99638,Hyper Passionfruit Lecithin
SKU-99638,Neuro-Matrix 994
SKU-99638,Cosmic Ginger Powder
SKU-99638,Opal Maple Gum
SKU-93681,cosmic-whey-extract
SKU-93681,nebula-passionfruit-syrup
SKU-93681,quantum-pomegranate-powder
SKU-93681,aura-locust-bean-lecithin
SKU-93681,plasma-acacia-gum
SKU-93681,lunar-chocolate-oil
SKU-93681,glacial-cane-oil
SKU-93681,asteroid-chocolate-isolate
SKU-93681,plasma-locust-bean-protein
SKU-91133,Glacial-Almond-Powder
SKU-91133,Cyber-Soy-Protein
SKU-91133,Opal-Agave-Isolate
SKU-91133,Cosmic-Dragonfruit-Gum
SKU-91133,Neuro-Matrix-131
SKU-91133,Vortex-Hibiscus-Extract
SKU-91133,Cyber-Flux-855
SKU-95573,PULSAR-AGAVE-EXTRACT
SKU-95573,MARTIAN-OAT-EXTRACT
SKU-95573,ASTEROID-WHEY-PROTEIN
SKU-95573,HYPER-CHOCOLATE-CONCENTRATE
SKU-95573,HYPER-PASSIONFRUIT-LECITHIN
SKU-95573,LUNAR-MONK-FRUIT-LECITHIN
SKU-95573,OPAL-BEET-CONCENTRATE
SKU-95573,NEBULA-STEVIA-PROTEIN
SKU-98645,HYPER-WHEY-ISOLATE
SKU-98645,MARTIAN-ALMOND-PROTEIN
SKU-98645,PULSAR-WHEAT-ISOLATE
SKU-98645,HYPER-SYNTHESIZER-914
SKU-98645,CYBER-ACAI-GUM
SKU-98645,SOLAR-MAPLE-ISOLATE
SKU-98645,NEBULA-PASSIONFRUIT-LECITHIN
SKU-90344,martian-soy-powder
SKU-90344,plasma-cashew-concentrate
SKU-90344,vortex-soy-isolate
SKU-90344,cosmic-oat-powder
SKU-90344,cosmic-whey-extract
SKU-90344,glacial-cane-extract
SKU-90344,solar-monk-fruit-lecithin
SKU-90771,lunar-lemon-protein
SKU-90771,pulsar-agave-extract
SKU-90771,zenith-dragonfruit-powder
SKU-90771,stellar-lavender-extract
SKU-90771,martian-stevia-gum
SKU-90771,vortex-acacia-lecithin
SKU-90771,cyber-flux-479
SKU-90771,cosmic-cinnamon-oil
SKU-90771,lunar-monk-fruit-lecithin
SKU-90771,lunar-guar-concentrate
SKU-98479,Opal-Whey-Powder
SKU-98479,Martian-Almond-Protein
SKU-98479,Volcanic-Soy-Isolate
SKU-98479,Neuro-Matrix-914
SKU-98479,Solar-Maple-Isolate
SKU-98479,Cyber-Acai-Gum
SKU-98479,Plasma-Isolate-X-590
SKU-98479,Asteroid-Maple-Gum
SKU-98479,Hyper-Acacia-Extract
SKU-98479,Solar-Stevia-Gum
SKU-99075,pulsar-wheat-isolate
SKU-99075,cyber-soy-protein
SKU-99075,asteroid-stevia-protein
SKU-99075,galactic-guar-syrup
SKU-99075,opal-pistachio-powder
SKU-99075,nebula-stevia-oil
SKU-99075,martian-ginger-gum
SKU-95947,aura-crustacean-isolate
SKU-95947,comet-almond-syrup
SKU-95947,plasma-cinnamon-concentrate
SKU-95947,cosmic-xanthan-lecithin
SKU-95947,martian-basil-concentrate
SKU-95947,pulsar-basil-isolate
SKU-95947,pulsar-guar-oil
SKU-91290,comet-egg-oil
SKU-91290,hyper-whey-isolate
SKU-91290,lunar-lemon-protein
SKU-91290,lunar-guar-concentrate
SKU-91290,hyper-synthesizer-501
SKU-91290,solar-stevia-gum
SKU-91290,cosmic-locust-bean-concentrate
SKU-91290,zenith-sunflower-extract
SKU-91290,cosmic-xanthan-lecithin
SKU-91084,cyber-chocolate-syrup
SKU-91084,comet-almond-syrup
SKU-91084,stellar-soy-extract
SKU-91084,stellar-peanut-concentrate
SKU-91084,cosmic-acacia-gum
SKU-91084,hyper-synthesizer-914
SKU-91084,aura-locust-bean-lecithin
SKU-91084,asteroid-hibiscus-gum
SKU-91084,cyber-acai-gum
SKU-91084,plasma-locust-bean-protein
SKU-91489,Neuro-Matrix 994
SKU-91489,Hyper-Synthesizer 501
SKU-91489,Plasma-Isolate-X 590
SKU-91489,Cyber-Flux 829
SKU-91489,Lunar Guar Concentrate
SKU-91489,Solar Chicory Gum
SKU-91489,Quantum Soy Protein
SKU-91489,Galactic Lavender Oil
SKU-91489,Hyper Agave Oil
SKU-91489,Lunar Locust Bean Gum
SKU-91489,Solar Maple Isolate
SKU-96126,vortex-soy-extract
SKU-96126,comet-almond-syrup
SKU-96126,galactic-acacia-lecithin
SKU-96126,volcanic-xanthan-extract
SKU-96126,hyper-agave-oil
SKU-96126,hyper-acacia-extract
SKU-96126,opal-agave-isolate
SKU-94061,Aura Oat Lecithin
SKU-94061,Vortex Oat Gum
SKU-94061,Cosmic Whey Extract
SKU-94061,Nebula Stevia Protein
SKU-94061,Zenith Chicory Concentrate
SKU-94061,Hyper-Synthesizer 914
SKU-94061,Neuro-Matrix 994
SKU-94061,Aura Maple Syrup
SKU-95107,PLASMA_ALMOND_EXTRACT
SKU-95107,GLACIAL_SOY_GUM
SKU-95107,HYPER_OAT_GUM
SKU-95107,COMET_EGG_OIL
SKU-95107,LUNAR_LEMON_PROTEIN
SKU-95107,MARTIAN_POMEGRANATE_OIL
SKU-95107,HYPER_CHOCOLATE_CONCENTRATE
SKU-95107,PULSAR_SUNFLOWER_ISOLATE
SKU-99813,comet-fish-oil
SKU-99813,cosmic-peanut-gum
SKU-99813,hyper-vanilla-oil
SKU-99813,cyber-acai-gum
SKU-99813,zenith-sunflower-powder
SKU-99813,cyber-flux-200
SKU-99813,hyper-oat-gum
SKU-99813,opal-agave-isolate
SKU-99813,plasma-cinnamon-concentrate
SKU-99813,lunar-lemon-protein
SKU-99813,pulsar-vanilla-powder
SKU-97962,Glacial Wheat Concentrate
SKU-97962,Quantum Pomegranate Powder
SKU-97962,Aura Maple Syrup
SKU-97962,Cyber Guava Powder
SKU-97962,Vortex Maple Oil
SKU-97962,Hyper Chocolate Concentrate
SKU-97962,Aura Locust Bean Lecithin
SKU-97962,Zenith Agave Extract
SKU-97962,Galactic Lemon Syrup
SKU-97397,Aura Whey Extract
SKU-97397,Krypto-Stabilizer 627
SKU-97397,Krypto-Stabilizer 660
SKU-97397,Martian Chocolate Concentrate
SKU-97397,Vortex Sunflower Protein
SKU-97397,Zenith Agave Extract
SKU-97397,Martian Ginger Gum
SKU-97397,Pulsar Cane Powder
SKU-92504,plasma-pistachio-powder
SKU-92504,vortex-sunflower-protein
SKU-92504,solar-cane-protein
SKU-92504,cosmic-ginger-powder
SKU-92504,krypto-stabilizer-532
SKU-92504,glacial-ginger-lecithin
SKU-92504,aura-basil-protein
SKU-93470,Martian Barley Powder
SKU-93470,Vortex Soy Isolate
SKU-93470,Hyper Oat Gum
SKU-93470,Galactic Guar Syrup
SKU-93470,Cyber Basil Lecithin
SKU-93470,Cyber-Flux 855
SKU-93470,Lunar Beet Powder
SKU-93470,Cosmic Caramel Lecithin
SKU-93470,Lunar Monk Fruit Lecithin
SKU-90053,Hyper-Synthesizer 914
SKU-90053,Glacial Soy Gum
SKU-90053,Glacial Cane Oil
SKU-90053,Opal Beet Concentrate
SKU-90053,Zenith Dragonfruit Powder
SKU-90053,Hyper-Synthesizer 501
SKU-90053,Plasma Locust Bean Protein
SKU-90053,Solar Monk Fruit Lecithin
SKU-90053,Plasma-Isolate-X 590
SKU-90053,Opal Maple Gum
SKU-92621,aura-acai-gum
SKU-92621,stellar-cashew-protein
SKU-92621,pulsar-cinnamon-protein
SKU-92621,lunar-monk-fruit-lecithin
SKU-92621,asteroid-vanilla-gum
SKU-92621,stellar-lemon-isolate
SKU-92621,xeno-isolate-x-627
SKU-92621,neuro-matrix-914
SKU-92621,galactic-guar-syrup
SKU-92621,opal-maple-gum
SKU-92621,opal-agave-isolate
SKU-91307,neuro-matrix-806
SKU-91307,neuro-matrix-994
SKU-91307,galactic-lavender-oil
SKU-91307,vortex-acacia-lecithin
SKU-91307,lunar-lemon-protein
SKU-91307,zenith-guava-extract
SKU-91307,cosmic-dragonfruit-gum
SKU-91307,hyper-chocolate-concentrate
SKU-98837,QUANTUM-SOY-PROTEIN
SKU-98837,VORTEX-OAT-GUM
SKU-98837,XENO-ISOLATE-X-627
SKU-98837,GALACTIC-ACACIA-LECITHIN
SKU-98837,AURA-LOCUST-BEAN-LECITHIN
SKU-98837,VORTEX-MAPLE-OIL
SKU-98837,MARTIAN-GINGER-GUM
SKU-98837,COSMIC-XANTHAN-LECITHIN
SKU-96537,MARTIAN-OAT-EXTRACT
SKU-96537,VORTEX-ACACIA-LECITHIN
SKU-96537,LUNAR-LOCUST-BEAN-GUM
SKU-96537,COMET-ACAI-SYRUP
SKU-96537,MARTIAN-CHOCOLATE-CONCENTRATE
SKU-96537,HYPER-CASHEW-POWDER
SKU-96537,SOLAR-MAPLE-ISOLATE
SKU-96537,AURA-LYCHEE-GUM
SKU-96537,NEBULA-STEVIA-PROTEIN
SKU-91139,Plasma-Isolate-X 590
SKU-91139,Hyper Passionfruit Lecithin
SKU-91139,Hyper Chocolate Concentrate
SKU-91139,Cyber Basil Lecithin
SKU-91139,Cyber-Flux 581
SKU-91139,Zenith Agave Extract
SKU-91139,Nebula Stevia Protein
SKU-91139,Asteroid Vanilla Gum
SKU-91139,Zenith Sunflower Powder
SKU-90319,nebula-wheat-isolate
SKU-90319,xeno-isolate-x-627
SKU-90319,glacial-locust-bean-gum
SKU-90319,pulsar-maple-oil
SKU-90319,zenith-sunflower-powder
SKU-90319,cyber-chocolate-syrup
SKU-90319,stellar-lemon-isolate
SKU-90319,plasma-cinnamon-concentrate
SKU-90319,krypto-stabilizer-352
SKU-90319,aura-locust-bean-lecithin
SKU-90319,neuro-matrix-578
SKU-99064,Krypto-Stabilizer 532
SKU-99064,Glacial Soy Gum
SKU-99064,Zenith Agave Extract
SKU-99064,Stellar Lemon Isolate
SKU-99064,Hyper Cashew Powder
SKU-99064,Hyper-Synthesizer 501
SKU-99064,Cyber-Flux 197
SKU-99064,Cosmic Cinnamon Oil
SKU-94040,Aura-Maple-Syrup
SKU-94040,Plasma-Cashew-Concentrate
SKU-94040,Nebula-Wheat-Isolate
SKU-94040,Cosmic-Whey-Extract
SKU-94040,Martian-Peanut-Lecithin
SKU-94040,Lunar-Monk-Fruit-Lecithin
SKU-94040,Lunar-Beet-Powder
SKU-94040,Krypto-Stabilizer-532
SKU-94040,Volcanic-Guava-Isolate
SKU-94040,Cyber-Acai-Powder
SKU-94040,Nebula-Stevia-Oil
SKU-92927,Cosmic Dragonfruit Gum
SKU-92927,Hyper Oat Gum
SKU-92927,Hyper Whey Isolate
SKU-92927,Cyber Lychee Oil
SKU-92927,Lunar Beet Powder
SKU-92927,Krypto-Stabilizer 352
SKU-92927,Cyber-Flux 855
SKU-92927,Vortex Sunflower Protein
SKU-98279,MARTIAN-GINGER-GUM
SKU-98279,COSMIC-ACACIA-GUM
SKU-98279,CYBER-ACAI-POWDER
SKU-98279,LUNAR-BEET-POWDER
SKU-98279,CYBER-FLUX-200
SKU-98279,PLASMA-BASIL-OIL
SKU-98279,QUANTUM-ACAI-LECITHIN
SKU-98279,PULSAR-CINNAMON-PROTEIN
SKU-98279,AURA-LYCHEE-GUM
SKU-91040,Krypto-Stabilizer 352
SKU-91040,Nebula Wheat Isolate
SKU-91040,Nebula Stevia Oil
SKU-91040,Volcanic Guava Isolate
SKU-91040,Xeno-Isolate-X 627
SKU-91040,Plasma Pistachio Gum
SKU-91040,Quantum Pomegranate Powder
SKU-91040,Neuro-Matrix 994
SKU-91040,Glacial Caramel Concentrate
SKU-97123,Xeno-Isolate-X 627
SKU-97123,Opal Whey Powder
SKU-97123,Aura Maple Syrup
SKU-97123,Lunar Chocolate Oil
SKU-97123,Pulsar Agave Extract
SKU-97123,Aura Hibiscus Protein
SKU-97123,Cosmic Ginger Powder
SKU-97123,Plasma Locust Bean Protein
SKU-97123,Cosmic Acacia Gum
SKU-97123,Aura Hibiscus Gum
SKU-97123,Solar Locust Bean Powder
SKU-96065,ING-VOLCANIC-GUAVA-ISOLATE
SKU-96065,ING-HYPER-CHOCOLATE-CONCENTRATE
SKU-96065,ING-CYBER-ACAI-GUM
SKU-96065,ING-CYBER-FLUX-581
SKU-96065,ING-GALACTIC-GUAR-SYRUP
SKU-96065,ING-CYBER-CHOCOLATE-SYRUP
SKU-96065,ING-GLACIAL-CARAMEL-CONCENTRATE
SKU-96065,ING-COSMIC-GINGER-POWDER
SKU-96065,ING-SOLAR-MAPLE-ISOLATE
SKU-92060,ING-AURA-PNUT
SKU-92060,ING-STEL-SOY
SKU-92060,ING-HYPR-WHEY
SKU-92060,ING-COSM-LBC
SKU-92060,ING-PULS-CINP
SKU-92060,ING-KRYP-S407
SKU-92060,ING-BIOF-691
SKU-92060,ING-PULS-VANP
SKU-99938,glacial_soy_gum
SKU-99938,aura_peanut_powder
SKU-99938,lunar_guar_concentrate
SKU-99938,zenith_guava_extract
SKU-99938,xeno_isolate_x_866
SKU-99938,vortex_pistachio_concentrate
SKU-99938,cyber_flux_200
SKU-99938,lunar_monk_fruit_lecithin
SKU-99938,solar_monk_fruit_lecithin
SKU-95925,Galactic Guar Syrup
SKU-95925,Cosmic Cinnamon Oil
SKU-95925,Hyper Agave Oil
SKU-95925,Zenith Sunflower Powder
SKU-95925,Nebula Stevia Protein
SKU-95925,Glacial Cane Oil
SKU-95925,Neuro-Matrix 131
SKU-95925,Martian Ginger Gum
SKU-92705,ING-92705-01
SKU-92705,ING-92705-02
SKU-92705,ING-92705-03
SKU-92705,ING-92705-04
SKU-92705,ING-92705-05
SKU-92705,ING-92705-06
SKU-92705,ING-92705-07
SKU-92705,ING-92705-08
SKU-91796,Asteroid Maple Gum
SKU-91796,Asteroid Whey Protein
SKU-91796,Solar Stevia Gum
SKU-91796,Zenith Agave Extract
SKU-91796,Cyber-Flux 200
SKU-91796,Nebula Stevia Oil
SKU-91796,Pulsar Almond Powder
SKU-91796,Pulsar Agave Extract
SKU-91796,Hyper Chocolate Extract
SKU-91796,Aura Basil Protein
SKU-91796,Neuro-Matrix 131
SKU-95930,Pulsar Cinnamon Protein
SKU-95930,Opal Pistachio Powder
SKU-95930,Cosmic Oat Powder
SKU-95930,Hyper-Synthesizer 679
SKU-95930,Cosmic Caramel Lecithin
SKU-95930,Vortex Maple Oil
SKU-95930,Opal Caramel Extract
SKU-95930,Cyber Lychee Oil
SKU-95930,Stellar Cinnamon Oil
SKU-95930,Aura Lychee Gum
SKU-90009,galactic_soy_isolate
SKU-90009,glacial_soy_gum
SKU-90009,cosmic_caramel_lecithin
SKU-90009,aura_stevia_lecithin
SKU-90009,cosmic_cinnamon_oil
SKU-90009,glacial_locust_bean_gum
SKU-90009,cyber_guava_powder
SKU-93295,CAS-STELLAR-SOY-EXTRACT
SKU-93295,CAS-VORTEX-SOY-ISOLATE
SKU-93295,CAS-PULSAR-GUAR-OIL
SKU-93295,CAS-XENO-ISOLATE-X-866
SKU-93295,CAS-ASTEROID-BASIL-LECITHIN
SKU-93295,CAS-VORTEX-HIBISCUS-EXTRACT
SKU-93295,CAS-PULSAR-SUNFLOWER-ISOLATE
SKU-91654,Pulsar-Vanilla-Powder
SKU-91654,Pulsar-Cinnamon-Protein
SKU-91654,Quantum-Acai-Lecithin
SKU-91654,Solar-Chocolate-Powder
SKU-91654,Cosmic-Acacia-Gum
SKU-91654,Neuro-Matrix-914
SKU-91654,Cyber-Flux-479
SKU-91654,Cosmic-Caramel-Lecithin
SKU-96572,Neuro-Matrix 578
SKU-96572,Vortex Soy Extract
SKU-96572,Hyper Whey Isolate
SKU-96572,Vortex Passionfruit Syrup
SKU-96572,Cosmic Acacia Gum
SKU-96572,Nebula Sunflower Syrup
SKU-96572,Vortex Acacia Concentrate
SKU-94333,Cosmic Locust Bean Concentrate
SKU-94333,Plasma Locust Bean Protein
SKU-94333,Solar Chicory Gum
SKU-94333,Hyper-Synthesizer 679
SKU-94333,Krypto-Stabilizer 471
SKU-94333,Aura Hibiscus Gum
SKU-94333,Aura Stevia Lecithin
SKU-90409,stellar-lemon-isolate
SKU-90409,aura-lychee-gum
SKU-90409,hyper-passionfruit-lecithin
SKU-90409,cyber-flux-200
SKU-90409,vortex-acacia-concentrate
SKU-90409,glacial-caramel-concentrate
SKU-90409,aura-maple-syrup
SKU-92045,Solar Chicory Gum
SKU-92045,Neuro-Matrix 994
SKU-92045,Solar Cane Protein
SKU-92045,Lunar Chocolate Oil
SKU-92045,Cyber Acai Gum
SKU-92045,Xeno-Isolate-X 627
SKU-92045,Aura Lavender Lecithin
SKU-92045,Quantum Maple Syrup
SKU-92045,Hyper Acacia Extract
SKU-92045,Stellar Lavender Extract
SKU-94741,Hyper Vanilla Oil
SKU-94741,Cosmic Ginger Powder
SKU-94741,Cyber-Flux 200
SKU-94741,Krypto-Stabilizer 352
SKU-94741,Krypto-Stabilizer 627
SKU-94741,Martian Pomegranate Oil
SKU-94741,Cyber-Flux 855
SKU-94741,Aura Acai Gum
SKU-94741,Cyber Lychee Oil
SKU-94741,Cyber Acai Powder
SKU-90434,pulsar_maple_oil
SKU-90434,aura_acai_gum
SKU-90434,glacial_sunflower_lecithin
SKU-90434,cyber_guava_powder
SKU-90434,hyper_passionfruit_lecithin
SKU-90434,zenith_sunflower_extract
SKU-90434,hyper_chicory_isolate
SKU-90434,glacial_caramel_concentrate
SKU-90434,nebula_passionfruit_lecithin
SKU-90434,cyber_flux_855
SKU-90434,glacial_cane_extract
SKU-92103,vortex-soy-isolate
SKU-92103,plasma-cinnamon-concentrate
SKU-92103,martian-chocolate-concentrate
SKU-92103,aura-stevia-lecithin
SKU-92103,pulsar-sunflower-isolate
SKU-92103,opal-maple-gum
SKU-92103,galactic-guar-syrup
SKU-92103,plasma-lychee-lecithin
SKU-92103,stellar-cinnamon-oil
SKU-91291,nebula-cinnamon-isolate
SKU-91291,glacial-locust-bean-gum
SKU-91291,cyber-acai-powder
SKU-91291,aura-locust-bean-lecithin
SKU-91291,quantum-pomegranate-powder
SKU-91291,volcanic-xanthan-syrup
SKU-91291,volcanic-acacia-extract
SKU-91291,lunar-beet-powder
SKU-91291,martian-chocolate-concentrate
SKU-93483,CAS-PLASMA-BASIL-OIL
SKU-93483,CAS-PULSAR-VANILLA-POWDER
SKU-93483,CAS-ASTEROID-CHOCOLATE-ISOLATE
SKU-93483,CAS-AURA-HIBISCUS-PROTEIN
SKU-93483,CAS-VORTEX-XANTHAN-ISOLATE
SKU-93483,CAS-GALACTIC-LYCHEE-LECITHIN
SKU-93483,CAS-CYBER-FLUX-200
SKU-93483,CAS-ZENITH-CHICORY-CONCENTRATE
SKU-93483,CAS-NEBULA-PASSIONFRUIT-SYRUP
SKU-91584,Vortex Sunflower Protein
SKU-91584,Asteroid Vanilla Gum
SKU-91584,Zenith Guava Extract
SKU-91584,Plasma Lychee Lecithin
SKU-91584,Aura Stevia Lecithin
SKU-91584,Vortex Passionfruit Syrup
SKU-91584,Krypto-Stabilizer 352
SKU-95038,hyper-cashew-powder
SKU-95038,lunar-locust-bean-gum
SKU-95038,cyber-lychee-oil
SKU-95038,plasma-cinnamon-concentrate
SKU-95038,martian-stevia-gum
SKU-95038,glacial-cane-extract
SKU-95038,galactic-lemon-syrup
SKU-95038,solar-locust-bean-powder
SKU-95038,plasma-locust-bean-protein
SKU-95038,pulsar-cane-powder
SKU-97517,cosmic-ginger-powder
SKU-97517,martian-egg-isolate
SKU-97517,lunar-chocolate-oil
SKU-97517,opal-maple-gum
SKU-97517,solar-stevia-gum
SKU-97517,hyper-acacia-extract
SKU-97517,hyper-oat-gum
SKU-97517,aura-acai-gum
SKU-97517,galactic-lavender-oil
SKU-97517,zenith-dragonfruit-powder
SKU-97517,plasma-cane-powder
SKU-91163,cosmic-oat-powder
SKU-91163,hyper-cashew-powder
SKU-91163,lunar-beet-powder
SKU-91163,cyber-acai-powder
SKU-91163,asteroid-vanilla-gum
SKU-91163,cyber-chocolate-syrup
SKU-91163,asteroid-basil-concentrate
SKU-91163,lunar-guar-concentrate
SKU-97359,pulsar-guar-oil
SKU-97359,zenith-sunflower-powder
SKU-97359,vortex-maple-oil
SKU-97359,volcanic-xanthan-syrup
SKU-97359,cyber-guava-powder
SKU-97359,asteroid-chocolate-isolate
SKU-97359,aura-hibiscus-protein
SKU-92287,quantum_acai_lecithin
SKU-92287,plasma_almond_extract
SKU-92287,vortex_oat_gum
SKU-92287,cyber_basil_lecithin
SKU-92287,asteroid_cinnamon_syrup
SKU-92287,asteroid_basil_concentrate
SKU-92287,pulsar_vanilla_powder
SKU-92287,nebula_cinnamon_isolate
SKU-92287,galactic_guar_syrup
SKU-92287,nebula_passionfruit_syrup
SKU-98928,Glacial Caramel Concentrate
SKU-98928,Solar Chicory Gum
SKU-98928,Pulsar Vanilla Powder
SKU-98928,Galactic Guar Syrup
SKU-98928,Asteroid Maple Gum
SKU-98928,Zenith Guava Extract
SKU-98928,Opal Agave Isolate
SKU-98928,Plasma Monk Fruit Isolate
SKU-98928,Vortex Hibiscus Extract
SKU-98928,Volcanic Xanthan Extract
SKU-98179,ING_NEBULA_PASSIONFRUIT_SYRUP
SKU-98179,ING_COSMIC_WHEY_EXTRACT
SKU-98179,ING_VORTEX_PASSIONFRUIT_SYRUP
SKU-98179,ING_VORTEX_ACACIA_CONCENTRATE
SKU-98179,ING_CYBER_CHOCOLATE_SYRUP
SKU-98179,ING_STELLAR_CASHEW_PROTEIN
SKU-98179,ING_PLASMA_LOCUST_BEAN_PROTEIN
SKU-98179,ING_PULSAR_AGAVE_EXTRACT
SKU-98179,ING_MARTIAN_CHOCOLATE_CONCENTRATE
SKU-98179,ING_ASTEROID_BASIL_LECITHIN
SKU-94012,aura-hibiscus-gum
SKU-94012,aura-lavender-lecithin
SKU-94012,hyper-passionfruit-lecithin
SKU-94012,vortex-maple-oil
SKU-94012,glacial-sunflower-lecithin
SKU-94012,pulsar-cane-powder
SKU-94012,bio-flux-691
SKU-93456,nebula-passionfruit-lecithin
SKU-93456,glacial-wheat-concentrate
SKU-93456,hyper-acacia-extract
SKU-93456,martian-ginger-gum
SKU-93456,solar-monk-fruit-lecithin
SKU-93456,aura-hibiscus-protein
SKU-93456,plasma-pistachio-powder
SKU-93456,plasma-basil-oil
SKU-93456,quantum-maple-syrup
SKU-93456,glacial-cane-extract
SKU-93456,stellar-xanthan-syrup
SKU-99197,Solar Stevia Gum
SKU-99197,Midnight Base 204
SKU-99197,Nebula Wheat Isolate
SKU-99197,Opal Whey Powder
SKU-99197,Nebula Stevia Oil
SKU-99197,Galactic Lychee Lecithin
SKU-99197,Hyper-Synthesizer 501
SKU-99197,Vortex Passionfruit Syrup
SKU-97428,CYBER-FLUX-829
SKU-97428,KRYPTO-STABILIZER-532
SKU-97428,VORTEX-XANTHAN-ISOLATE
SKU-97428,MARTIAN-CHOCOLATE-CONCENTRATE
SKU-97428,KRYPTO-STABILIZER-627
SKU-97428,HYPER-VANILLA-OIL
SKU-97428,CYBER-FLUX-200
SKU-97428,COSMIC-LOCUST-BEAN-CONCENTRATE
SKU-98785,ING-SOLAR-LOCUST-BEAN-POWDER
SKU-98785,ING-ZENITH-CHICORY-CONCENTRATE
SKU-98785,ING-VOLCANIC-GUAVA-ISOLATE
SKU-98785,ING-NEBULA-MANGO-CONCENTRATE
SKU-98785,ING-AURA-LAVENDER-LECITHIN
SKU-98785,ING-HYPER-AGAVE-OIL
SKU-98785,ING-AURA-BASIL-PROTEIN
SKU-99641,martian_almond_protein
SKU-99641,aura_acai_gum
SKU-99641,galactic_acacia_lecithin
SKU-99641,stellar_lemon_isolate
SKU-99641,lunar_guar_concentrate
SKU-99641,pulsar_cane_powder
SKU-99641,xeno_isolate_x_627
SKU-99641,lunar_chocolate_oil
SKU-99641,plasma_basil_oil
SKU-99641,quantum_maple_syrup
SKU-99641,hyper_acacia_extract
SKU-91049,volcanic-peanut-protein
SKU-91049,galactic-soy-isolate
SKU-91049,cyber-basil-lecithin
SKU-91049,galactic-lavender-oil
SKU-91049,krypto-stabilizer-660
SKU-91049,lunar-sunflower-concentrate
SKU-91049,lunar-locust-bean-gum
SKU-91049,volcanic-guava-isolate
SKU-96227,vortex-acacia-lecithin
SKU-96227,solar-monk-fruit-lecithin
SKU-96227,aura-hibiscus-protein
SKU-96227,volcanic-acacia-extract
SKU-96227,opal-beet-concentrate
SKU-96227,solar-maple-isolate
SKU-96227,cyber-flux-197
SKU-96227,hyper-synthesizer-914
SKU-96227,volcanic-xanthan-extract
SKU-96227,stellar-xanthan-syrup
SKU-94803,Aura Hibiscus Protein
SKU-94803,Aura Stevia Lecithin
SKU-94803,Zenith Dragonfruit Powder
SKU-94803,Zenith Agave Extract
SKU-94803,Cosmic Xanthan Lecithin
SKU-94803,Nebula Passionfruit Syrup
SKU-94803,Aura Locust Bean Lecithin
SKU-94803,Lunar Sunflower Concentrate
SKU-92646,Nebula-Almond-Extract
SKU-92646,Pulsar-Wheat-Isolate
SKU-92646,Pulsar-Vanilla-Powder
SKU-92646,Neuro-Matrix-131
SKU-92646,Quantum-Vanilla-Concentrate
SKU-92646,Galactic-Lavender-Oil
SKU-92646,Hyper-Passionfruit-Lecithin
SKU-99891,plasma-monk-fruit-isolate
SKU-99891,pulsar-guar-oil
SKU-99891,nebula-mango-concentrate
SKU-99891,krypto-stabilizer-627
SKU-99891,cosmic-dragonfruit-gum
SKU-99891,cyber-flux-200
SKU-99891,cosmic-xanthan-lecithin
SKU-99891,zenith-sunflower-powder
SKU-99891,zenith-agave-extract
SKU-99891,galactic-guar-syrup
SKU-96543,Cyber-Flux 479
SKU-96543,Nebula Almond Extract
SKU-96543,Aura Whey Extract
SKU-96543,Asteroid Chocolate Isolate
SKU-96543,Hyper Acacia Extract
SKU-96543,Glacial Cane Extract
SKU-96543,Aura Lavender Lecithin
SKU-96543,Cyber Acai Gum
SKU-96543,Plasma Cinnamon Concentrate
SKU-96543,Glacial Caramel Concentrate
SKU-96543,Pulsar Vanilla Powder
SKU-91674,martian-pomegranate-oil
SKU-91674,neuro-matrix-578
SKU-91674,cosmic-caramel-lecithin
SKU-91674,volcanic-acacia-extract
SKU-91674,glacial-ginger-lecithin
SKU-91674,asteroid-maple-gum
SKU-91674,cyber-acai-powder
SKU-91674,aura-maple-syrup
SKU-91674,cosmic-acacia-gum
SKU-91674,martian-basil-concentrate
SKU-91674,hyper-chocolate-extract
SKU-93598,LUNAR_GUAR_CONCENTRATE
SKU-93598,AURA_LAVENDER_LECITHIN
SKU-93598,MARTIAN_CHOCOLATE_CONCENTRATE
SKU-93598,VOLCANIC_ACACIA_EXTRACT
SKU-93598,NEURO_MATRIX_914
SKU-93598,NEBULA_PASSIONFRUIT_SYRUP
SKU-93598,KRYPTO_STABILIZER_532
SKU-93598,PLASMA_BASIL_OIL
SKU-93598,PULSAR_BASIL_ISOLATE
SKU-93598,PLASMA_ACACIA_GUM
SKU-91535,VORTEX-MAPLE-OIL
SKU-91535,NEBULA-CINNAMON-ISOLATE
SKU-91535,XENO-ISOLATE-X-627
SKU-91535,CYBER-CHOCOLATE-SYRUP
SKU-91535,LUNAR-CHOCOLATE-OIL
SKU-91535,PLASMA-LYCHEE-LECITHIN
SKU-91535,CYBER-FLUX-197
SKU-91535,ZENITH-DRAGONFRUIT-POWDER
SKU-91535,CYBER-GUAVA-POWDER
SKU-91535,VOLCANIC-XANTHAN-EXTRACT
SKU-95539,Volcanic Barley Extract
SKU-95539,Aura Cinnamon Extract
SKU-95539,Vortex Hibiscus Extract
SKU-95539,Aura Hibiscus Gum
SKU-95539,Krypto-Stabilizer 352
SKU-95539,Asteroid Stevia Protein
SKU-95539,Martian Pomegranate Oil
SKU-95539,Hyper Vanilla Oil
SKU-95635,plasma-lychee-lecithin
SKU-95635,cosmic-cinnamon-oil
SKU-95635,stellar-xanthan-syrup
SKU-95635,vortex-xanthan-isolate
SKU-95635,hyper-synthesizer-501
SKU-95635,volcanic-xanthan-extract
SKU-95635,quantum-acai-lecithin
SKU-95635,plasma-cane-powder
SKU-95635,martian-chocolate-concentrate
SKU-95635,comet-acai-syrup
SKU-95635,solar-stevia-gum
SKU-90520,LUNAR_CHOCOLATE_OIL
SKU-90520,NEBULA_SUNFLOWER_SYRUP
SKU-90520,NEURO_MATRIX_806
SKU-90520,MARTIAN_POMEGRANATE_OIL
SKU-90520,SOLAR_STEVIA_GUM
SKU-90520,CYBER_ACAI_POWDER
SKU-90520,VORTEX_XANTHAN_ISOLATE
SKU-90520,ZENITH_GUAVA_EXTRACT
SKU-95977,Volcanic-Acacia-Extract
SKU-95977,Pulsar-Cinnamon-Protein
SKU-95977,Cyber-Flux-581
SKU-95977,Plasma-Cane-Powder
SKU-95977,Glacial-Sunflower-Lecithin
SKU-95977,Nebula-Passionfruit-Syrup
SKU-95977,Quantum-Vanilla-Concentrate
SKU-95977,Hyper-Chocolate-Concentrate
SKU-95977,Hyper-Synthesizer-782
SKU-95977,Asteroid-Vanilla-Gum
SKU-93946,Cyber-Soy-Protein
SKU-93946,Vortex-Oat-Gum
SKU-93946,Solar-Stevia-Gum
SKU-93946,Lunar-Lemon-Protein
SKU-93946,Neuro-Matrix-703
SKU-93946,Pulsar-Cinnamon-Protein
SKU-93946,Neuro-Matrix-994
SKU-93946,Asteroid-Cinnamon-Syrup
SKU-93946,Glacial-Ginger-Lecithin
SKU-93946,Volcanic-Xanthan-Syrup
SKU-98797,cosmic-cinnamon-oil
SKU-98797,martian-peanut-lecithin
SKU-98797,plasma-locust-bean-protein
SKU-98797,pulsar-cane-powder
SKU-98797,asteroid-stevia-protein
SKU-98797,cyber-lychee-oil
SKU-98797,zenith-agave-extract
SKU-96924,Solar Monk Fruit Lecithin
SKU-96924,Hyper Agave Oil
SKU-96924,Hyper-Synthesizer 679
SKU-96924,Lunar Monk Fruit Lecithin
SKU-96924,Neuro-Matrix 806
SKU-96924,Neuro-Matrix 131
SKU-96924,Xeno-Isolate-X 627
SKU-99977,VORTEX-ACACIA-CONCENTRATE
SKU-99977,GLACIAL-GINGER-LECITHIN
SKU-99977,AURA-MAPLE-SYRUP
SKU-99977,OPAL-BEET-CONCENTRATE
SKU-99977,GALACTIC-ACACIA-LECITHIN
SKU-99977,KRYPTO-STABILIZER-532
SKU-99977,AURA-HIBISCUS-GUM
SKU-99977,CYBER-FLUX-855
SKU-99977,ASTEROID-HIBISCUS-GUM
SKU-99977,SOLAR-CANE-PROTEIN
SKU-90949,martian_egg_isolate
SKU-90949,glacial_almond_powder
SKU-90949,volcanic_soy_isolate
SKU-90949,cyber_flux_581
SKU-90949,hyper_synthesizer_679
SKU-90949,vortex_maple_oil
SKU-90949,asteroid_basil_lecithin
SKU-90949,pulsar_cinnamon_protein
SKU-90949,asteroid_vanilla_gum
SKU-95313,Aura Caramel Extract
SKU-95313,Cosmic Caramel Lecithin
SKU-95313,Aura Lavender Lecithin
SKU-95313,Cyber Guava Powder
SKU-95313,Cyber-Flux 197
SKU-95313,Solar Maple Isolate
SKU-95313,Solar Chicory Gum
SKU-95313,Aura Maple Syrup
SKU-95313,Asteroid Chocolate Isolate
SKU-98727,opal_pistachio_powder
SKU-98727,pulsar_cane_powder
SKU-98727,cyber_acai_powder
SKU-98727,opal_caramel_extract
SKU-98727,lunar_guar_concentrate
SKU-98727,asteroid_stevia_protein
SKU-98727,aura_oat_lecithin
SKU-98727,plasma_basil_oil
SKU-98727,opal_beet_concentrate
SKU-98727,cyber_chocolate_syrup
SKU-98727,solar_locust_bean_powder
SKU-93582,lunar-monk-fruit-lecithin
SKU-93582,plasma-monk-fruit-isolate
SKU-93582,comet-acai-syrup
SKU-93582,krypto-stabilizer-532
SKU-93582,hyper-chocolate-extract
SKU-93582,hyper-vanilla-oil
SKU-93582,nebula-passionfruit-lecithin
SKU-93582,pulsar-guar-oil
SKU-93582,stellar-lavender-extract
SKU-95168,zenith-sunflower-powder
SKU-95168,neuro-matrix-914
SKU-95168,plasma-acacia-gum
SKU-95168,aura-hibiscus-gum
SKU-95168,cyber-guava-powder
SKU-95168,hyper-passionfruit-lecithin
SKU-95168,xeno-isolate-x-866
SKU-95168,cosmic-ginger-powder
SKU-99007,Cosmic Peanut Gum
SKU-99007,Aura Whey Extract
SKU-99007,Martian Stevia Gum
SKU-99007,Pulsar Agave Extract
SKU-99007,Plasma Basil Oil
SKU-99007,Glacial Cane Extract
SKU-99007,Vortex Oat Gum
SKU-99007,Cyber-Flux 479
SKU-99007,Nebula Mango Concentrate
SKU-99007,Galactic Lavender Oil
SKU-99007,Nebula Cinnamon Isolate
SKU-90106,Hyper-Synthesizer 782
SKU-90106,Vortex Sunflower Protein
SKU-90106,Hyper Acacia Extract
SKU-90106,Lunar Sunflower Concentrate
SKU-90106,Krypto-Stabilizer 660
SKU-90106,Opal Beet Concentrate
SKU-90106,Nebula Sunflower Syrup
SKU-90106,Asteroid Vanilla Gum
SKU-90106,Zenith Guava Extract
SKU-90106,Vortex Xanthan Isolate
SKU-97787,STELLAR-PEANUT-CONCENTRATE
SKU-97787,GALACTIC-LEMON-SYRUP
SKU-97787,SOLAR-CHOCOLATE-POWDER
SKU-97787,HYPER-CHOCOLATE-CONCENTRATE
SKU-97787,NEURO-MATRIX-806
SKU-97787,AURA-BASIL-PROTEIN
SKU-97787,VORTEX-PISTACHIO-CONCENTRATE
SKU-97787,PLASMA-ISOLATE-X-590
SKU-97787,OPAL-CARAMEL-EXTRACT
SKU-97787,AURA-STEVIA-LECITHIN
SKU-97787,HYPER-ACACIA-EXTRACT
SKU-93150,Cyber Lychee Oil
SKU-93150,Asteroid Chocolate Isolate
SKU-93150,Aura Basil Protein
SKU-93150,Solar Stevia Gum
SKU-93150,Plasma Locust Bean Protein
SKU-93150,Asteroid Basil Concentrate
SKU-93150,Cosmic Dragonfruit Gum
SKU-93150,Xeno-Isolate-X 866
SKU-93258,cyber-guava-powder
SKU-93258,pulsar-almond-powder
SKU-93258,midnight-base-204
SKU-93258,pulsar-wheat-isolate
SKU-93258,asteroid-vanilla-gum
SKU-93258,cosmic-ginger-powder
SKU-93258,zenith-dragonfruit-powder
SKU-93258,bio-flux-691
SKU-93258,pulsar-maple-oil
SKU-94557,Aura Cinnamon Extract
SKU-94557,Cosmic Acacia Gum
SKU-94557,Pulsar Maple Oil
SKU-94557,Krypto-Stabilizer 532
SKU-94557,Zenith Sunflower Powder
SKU-94557,Krypto-Stabilizer 352
SKU-94557,Neuro-Matrix 578
SKU-94557,Aura Acai Gum
SKU-94557,Neuro-Matrix 914
SKU-98348,lunar_beet_powder
SKU-98348,nebula_wheat_isolate
SKU-98348,aura_acai_gum
SKU-98348,martian_chocolate_concentrate
SKU-98348,krypto_stabilizer_627
SKU-98348,cosmic_ginger_powder
SKU-98348,plasma_lychee_lecithin
SKU-96224,glacial-cane-oil
SKU-96224,aura-cinnamon-extract
SKU-96224,cyber-basil-lecithin
SKU-96224,plasma-cinnamon-concentrate
SKU-96224,krypto-stabilizer-532
SKU-96224,solar-locust-bean-powder
SKU-96224,aura-hibiscus-protein
SKU-96224,plasma-lychee-lecithin
SKU-96224,zenith-agave-extract
SKU-91743,LUNAR_SUNFLOWER_CONCENTRATE
SKU-91743,MARTIAN_BARLEY_POWDER
SKU-91743,GALACTIC_LAVENDER_OIL
SKU-91743,NEURO_MATRIX_914
SKU-91743,VORTEX_SOY_ISOLATE
SKU-91743,VOLCANIC_XANTHAN_SYRUP
SKU-91743,ASTEROID_HIBISCUS_GUM
SKU-91743,STELLAR_LEMON_ISOLATE
SKU-99980,Asteroid Vanilla Gum
SKU-99980,Martian Ginger Gum
SKU-99980,Glacial Cane Extract
SKU-99980,Asteroid Hibiscus Gum
SKU-99980,Cyber-Flux 200
SKU-99980,Hyper-Synthesizer 914
SKU-99980,Zenith Guava Extract
SKU-93752,quantum-maple-syrup
SKU-93752,opal-agave-isolate
SKU-93752,neuro-matrix-703
SKU-93752,cosmic-xanthan-lecithin
SKU-93752,stellar-lemon-isolate
SKU-93752,hyper-synthesizer-679
SKU-93752,stellar-cinnamon-oil
SKU-93752,quantum-pomegranate-powder
SKU-93752,glacial-locust-bean-gum
SKU-93752,cosmic-caramel-lecithin
SKU-93752,martian-stevia-gum
SKU-96252,Plasma Acacia Gum
SKU-96252,Nebula Cinnamon Isolate
SKU-96252,Pulsar Basil Isolate
SKU-96252,Quantum Pomegranate Powder
SKU-96252,Neuro-Matrix 131
SKU-96252,Hyper-Synthesizer 782
SKU-96252,Pulsar Cinnamon Protein
SKU-96252,Opal Caramel Extract
SKU-96252,Bio-Flux 691
SKU-96252,Hyper Acacia Extract
SKU-96252,Cosmic Ginger Powder
SKU-96482,aura-stevia-lecithin
SKU-96482,opal-whey-powder
SKU-96482,comet-egg-oil
SKU-96482,aura-hibiscus-gum
SKU-96482,glacial-cane-extract
SKU-96482,aura-basil-protein
SKU-96482,solar-chocolate-powder
SKU-96482,plasma-monk-fruit-isolate
SKU-96482,hyper-synthesizer-501
SKU-98751,Cyber-Flux 200
SKU-98751,Krypto-Stabilizer 532
SKU-98751,Krypto-Stabilizer 660
SKU-98751,Hyper-Synthesizer 501
SKU-98751,Xeno-Isolate-X 866
SKU-98751,Aura Basil Protein
SKU-98751,Krypto-Stabilizer 407
SKU-98751,Aura Acai Gum
SKU-98751,Plasma Cinnamon Concentrate
SKU-98751,Solar Cane Protein
SKU-98751,Neuro-Matrix 578
SKU-94315,zenith_guava_extract
SKU-94315,cosmic_whey_extract
SKU-94315,cosmic_caramel_lecithin
SKU-94315,martian_basil_concentrate
SKU-94315,asteroid_basil_concentrate
SKU-94315,opal_agave_isolate
SKU-94315,xeno_isolate_x_627
SKU-94315,zenith_agave_extract
SKU-94315,nebula_cinnamon_isolate
SKU-95514,Hyper Passionfruit Lecithin
SKU-95514,Cyber-Flux 855
SKU-95514,Plasma Acacia Gum
SKU-95514,Cosmic Dragonfruit Gum
SKU-95514,Zenith Guava Extract
SKU-95514,Aura Stevia Lecithin
SKU-95514,Volcanic Guava Isolate
SKU-90488,Plasma Cane Powder
SKU-90488,Lunar Sunflower Concentrate
SKU-90488,Galactic Acacia Lecithin
SKU-90488,Krypto-Stabilizer 532
SKU-90488,Aura Stevia Lecithin
SKU-90488,Cyber Acai Powder
SKU-90488,Lunar Guar Concentrate
SKU-90488,Asteroid Cinnamon Syrup
SKU-90916,stellar-xanthan-syrup
SKU-90916,nebula-stevia-oil
SKU-90916,cyber-flux-197
SKU-90916,neuro-matrix-703
SKU-90916,plasma-acacia-gum
SKU-90916,cyber-chocolate-syrup
SKU-90916,cyber-acai-powder
SKU-90916,stellar-lavender-extract
SKU-93527,Cyber-Flux 581
SKU-93527,Cosmic Cinnamon Oil
SKU-93527,Asteroid Cinnamon Syrup
SKU-93527,Lunar Beet Powder
SKU-93527,Martian Stevia Gum
SKU-93527,Neuro-Matrix 703
SKU-93527,Zenith Agave Extract
SKU-96216,asteroid_chocolate_isolate
SKU-96216,aura_acai_gum
SKU-96216,plasma_basil_oil
SKU-96216,aura_lavender_lecithin
SKU-96216,hyper_chicory_isolate
SKU-96216,nebula_passionfruit_syrup
SKU-96216,glacial_cane_oil
SKU-96216,volcanic_xanthan_syrup
SKU-94339,martian-stevia-gum
SKU-94339,lunar-beet-powder
SKU-94339,asteroid-hibiscus-gum
SKU-94339,aura-stevia-lecithin
SKU-94339,zenith-dragonfruit-powder
SKU-94339,stellar-lavender-extract
SKU-94339,vortex-passionfruit-syrup
SKU-94339,hyper-chocolate-concentrate
SKU-94339,pulsar-basil-isolate
SKU-94339,solar-locust-bean-powder
SKU-94339,opal-maple-gum
SKU-94374,quantum-pomegranate-powder
SKU-94374,hyper-chocolate-concentrate
SKU-94374,comet-acai-syrup
SKU-94374,solar-monk-fruit-lecithin
SKU-94374,vortex-sunflower-protein
SKU-94374,volcanic-xanthan-syrup
SKU-94374,neuro-matrix-703
SKU-97527,Galactic Lavender Oil
SKU-97527,Aura Lychee Gum
SKU-97527,Krypto-Stabilizer 627
SKU-97527,Pulsar Maple Oil
SKU-97527,Aura Lavender Lecithin
SKU-97527,Hyper Passionfruit Lecithin
SKU-97527,Aura Locust Bean Lecithin
SKU-97527,Vortex Passionfruit Syrup
SKU-97527,Zenith Guava Extract
SKU-97527,Lunar Monk Fruit Lecithin
SKU-97527,Volcanic Guava Isolate
SKU-90750,nebula-sunflower-syrup
SKU-90750,asteroid-basil-lecithin
SKU-90750,solar-locust-bean-powder
SKU-90750,aura-lychee-gum
SKU-90750,martian-basil-concentrate
SKU-90750,quantum-vanilla-concentrate
SKU-90750,comet-acai-syrup
SKU-90750,krypto-stabilizer-532
SKU-91169,vortex_passionfruit_syrup
SKU-91169,plasma_isolate_x_590
SKU-91169,zenith_sunflower_extract
SKU-91169,volcanic_acacia_extract
SKU-91169,volcanic_xanthan_syrup
SKU-91169,zenith_guava_extract
SKU-91169,galactic_lychee_lecithin
SKU-92664,ASTEROID-STEVIA-PROTEIN
SKU-92664,ASTEROID-BASIL-CONCENTRATE
SKU-92664,MARTIAN-GINGER-GUM
SKU-92664,PLASMA-LYCHEE-LECITHIN
SKU-92664,ZENITH-SUNFLOWER-EXTRACT
SKU-92664,ASTEROID-MAPLE-GUM
SKU-92664,KRYPTO-STABILIZER-407
SKU-92664,STELLAR-CINNAMON-OIL
SKU-99459,KRYPTO-STABILIZER-627
SKU-99459,AURA-ACAI-GUM
SKU-99459,SOLAR-CHOCOLATE-POWDER
SKU-99459,NEURO-MATRIX-703
SKU-99459,SOLAR-CHICORY-GUM
SKU-99459,KRYPTO-STABILIZER-660
SKU-99459,HYPER-CHOCOLATE-CONCENTRATE
SKU-99459,NEBULA-STEVIA-PROTEIN
SKU-99459,CYBER-FLUX-829
SKU-96912,nebula-stevia-oil
SKU-96912,asteroid-maple-gum
SKU-96912,cosmic-ginger-powder
SKU-96912,martian-chocolate-concentrate
SKU-96912,bio-flux-691
SKU-96912,martian-ginger-gum
SKU-96912,plasma-cane-powder
SKU-96912,aura-caramel-extract
SKU-96912,cyber-guava-powder
SKU-96912,cyber-flux-581
SKU-93770,ING-HYPER-OAT-GUM
SKU-93770,ING-COMET-ALMOND-SYRUP
SKU-93770,ING-HYPER-WHEY-ISOLATE
SKU-93770,ING-ASTEROID-BASIL-LECITHIN
SKU-93770,ING-PLASMA-BASIL-OIL
SKU-93770,ING-AURA-ACAI-GUM
SKU-93770,ING-ZENITH-DRAGONFRUIT-POWDER
SKU-93770,ING-COSMIC-CINNAMON-OIL
SKU-93770,ING-SOLAR-LOCUST-BEAN-POWDER
SKU-93770,ING-VOLCANIC-XANTHAN-SYRUP
SKU-99577,zenith-chicory-concentrate
SKU-99577,volcanic-barley-extract
SKU-99577,nebula-sunflower-syrup
SKU-99577,glacial-locust-bean-gum
SKU-99577,plasma-locust-bean-protein
SKU-99577,martian-almond-protein
SKU-99577,solar-chicory-gum
SKU-99577,aura-lavender-lecithin
SKU-99577,vortex-hibiscus-extract
SKU-99577,asteroid-cinnamon-syrup
SKU-93432,ASTEROID_HIBISCUS_GUM
SKU-93432,PLASMA_CINNAMON_CONCENTRATE
SKU-93432,ZENITH_CHICORY_CONCENTRATE
SKU-93432,SOLAR_CHICORY_GUM
SKU-93432,HYPER_SYNTHESIZER_914
SKU-93432,MARTIAN_STEVIA_GUM
SKU-93432,NEURO_MATRIX_994
SKU-93432,COSMIC_GINGER_POWDER
SKU-93432,VORTEX_ACACIA_CONCENTRATE
SKU-93432,VORTEX_HIBISCUS_EXTRACT